competition,slug,crest_slug,country,file,png,svg,source,ignored,note
1. Lig (Turkey) Team Logos in PNG & SVG,1-lig,1-lig-turkey,turkey,1-lig,ok,,https://assets.footylogos.com/logos/1-lig-turkey-logo-footylogos.png,igdir manisa sariyer boluspor van-spor bodrum-fk bursaspor muglaspor sivasspor pendikspor antalyaspor kayserispor bandirmaspor istanbulspor keciorengucu umraniyespor esenler-erokspor fatih-karagumruk mardin-1969-spor batman-petrol-spor,
2. Liga Team Logos in PNG & SVG,2-liga-austria,2-liga-austria,austria,2-liga-austria,ok,,https://assets.footylogos.com/logos/2-liga-austria-logo-footylogos.png,fc-liefering admira-wacker ask-voitsberg skn-st-polten sku-amstetten fc-hertha-wels kapfenberger-sv floridsdorfer-ac fc-blau-weiss-linz fc-wacker-innsbruck schwarz-wei-bregenz sv-austria-salzburg first-vienna-fc-1894,
3. Liga (Germany) Team Logos in PNG & SVG,3-liga,3-liga,germany,3-liga,ok,,https://assets.footylogos.com/logos/3-liga/3-liga-logo-footylogos.png,sc-verl sv-meppen tsv-havelse fortuna-koln msv-duisburg fc-ingolstadt hansa-rostock viktoria-koln jahn-regensburg rot-weiss-essen 1-fc-saarbrucken alemannia-aachen preussen-munster waldhof-mannheim fortuna-dusseldorf sv-wehen-wiesbaden wurzburger-kickers sg-sonnenhof-grossaspach,
A-League Men (Australia) Team Logos in PNG & SVG,a-league-men,a-league-men-australia,australia,a-league-men,ok,,https://assets.footylogos.com/logos/a-league-men-australia/a-league-men-australia-logo-footylogos.png,sydney-fc auckland-fc perth-glory macarthur-fc brisbane-roar melbourne-city newcastle-jets adelaide-united melbourne-victory wellington-phoenix central-coast-mariners western-sydney-wanderers,
AFC Asian Cup Team Logos in PNG & SVG,afc-asian-cup,afc-asian-cup,international,afc-asian-cup,ok,,https://assets.footylogos.com/logos/afc-asian-cup-logo-footylogos.png,oman-national-team iran-national-team iraq-national-team syria-national-team china-national-team yemen-national-team japan-national-team qatar-national-team kuwait-national-team jordan-national-team bahrain-national-team vietnam-national-team thailand-national-team palestine-national-team kyrgyztan-national-team australia-national-team singapore-national-team indonesia-national-team uzbekistan-national-team tajikistan-national-team south-korea-national-team saudi-arabia-national-team united-arab-emirates-national-team,
AFC Champions League Elite Team Logos in PNG & SVG,afc-champions-league-elite,afc-champions-league-elite,international,afc-champions-league-elite,ok,,https://assets.footylogos.com/logos/afc-champions-league-elite-logo-footylogos.png,al-ain al-ahli al-wasl tractor port-fc al-nassr al-hilal esteghlal al-qadsiah al-sadd-sc al-ittihad gangwon-fc vissel-kobe kyoto-sanga gamba-osaka al-shamal-sc al-gharafa-sc ratchaburi-fc shanghai-port beijing-guoan shabab-al-ahli kashiwa-reysol buriram-united newcastle-jets al-jazira-club neftchi-fergana kashima-antlers pohang-steelers adelaide-united al-quwa-al-jawiya johor-darul-tazim cong-an-ha-noi-fc pakhtakor-tashkent urawa-red-diamonds daejeon-hana-citizen jeonbuk-hyundai-motors,
Africa Cup of Nations Team Logos in PNG & SVG,africa-cup-of-nations,africa-cup-of-nations-2025,international,africa-cup-of-nations,ok,,https://assets.footylogos.com/logos/africa-cup-of-nations-2025-logo-footylogos.png,mali-national-team egypt-national-team benin-national-team sudan-national-team gabon-national-team zambia-national-team angola-national-team uganda-national-team morocco-national-team comoros-national-team nigeria-national-team tunisia-national-team senegal-national-team algeria-national-team zimbabwe-national-team tanzania-national-team dr-congo-national-team botswana-national-team cameroon-national-team mozambique-national-team south-africa-national-team burkina-faso-national-team cote-d-ivoire-national-team equatorial-guinea-national-team,
Algerian Ligue 1 Team Logos in PNG & SVG,algerian-ligue-1,algerian-ligue-1,algeria,algerian-ligue-1,ok,,https://assets.footylogos.com/logos/algerian-ligue-1/algerian-ligue-1-logo-footylogos.png,mc-oran es-setif mc-alger aso-chlef js-saoura usm-alger js-kabylie paradou-ac mb-rouissat mc-el-bayadh cr-belouizdad es-ben-aknoun es-mostaganem usm-khenchela cs-constantine olympique-akbou ligue-1-algeria algeria-national-team,
Allsvenskan (Sweden) Team Logos in PNG & SVG,allsvenskan,allsvenskan,sweden,allsvenskan,ok,,https://assets.footylogos.com/logos/allsvenskan/allsvenskan-logo-footylogos.png,aik gais kalmar orgryte malmo-ff bk-hacken ik-sirius hammarby-if if-elfsborg mjallby-aif vasteras-sk degerfors-if halmstads-bk ifk-goteborg djurgardens-if if-brommapojkarna,
Armenian Premier League Team Logos in PNG & SVG,armenian-premier-league,armenian-premier-league,armenia,armenian-premier-league,ok,,https://assets.footylogos.com/logos/armenian-premier-league-logo-footylogos.png,fc-van fc-syunik alashkert-fc bkma-yerevan sardarapat-fc fc-noah-yerevan gandzasar-kapan fc-shirak-gyumri fc-ararat-yerevan fc-ararat-armenia fc-pyunik-yerevan fc-urartu-yerevan,
Austrian Bundesliga Team Logos in PNG & SVG,austrian-bundesliga,austrian-bundesliga,austria,austrian-bundesliga,ok,,https://assets.footylogos.com/logos/austrian-bundesliga/austrian-bundesliga-logo-footylogos.png,lask sv-ried grazer-ak wsg-tirol rapid-wien scr-altach austria-wien tsv-hartberg sk-sturm-graz wolfsberger-ac austria-lustenau red-bull-salzburg austria-national-team,
Belgian Pro League Team Logos in PNG & SVG,belgian-pro-league,belgian-pro-league,belgium,belgian-pro-league,ok,,https://assets.footylogos.com/logos/belgian-pro-league/belgian-pro-league-logo-footylogos.png,kaa-gent krc-genk lommel-sk oh-leuven sk-beveren club-brugge kv-kortrijk kv-mechelen kvc-westerlo sint-truiden cercle-brugge royal-antwerp zulte-waregem rsc-anderlecht standard-liege raal-la-louviere sporting-charleroi union-saint-gilloise belgium-national-team,
Besta Deild (Iceland) Team Logos in PNG & SVG,besta-deild,besta-deild,iceland,besta-deild,ok,,https://assets.footylogos.com/logos/besta-deild/besta-deild-logo-footylogos.png,ibv valur keflavik stjarnan breidablik ia-akranes vikingur-r ka-akureyri kr-reykjavik thor-akureyri fram-reykjavik hafnarfjordur-fh,
Botola Pro 1 (Morocco) Team Logos in PNG & SVG,botola-pro-1,botola-pro-1,morocco,botola-pro-1,ok,,https://assets.footylogos.com/logos/botola-pro-1/botola-pro-1-logo-footylogos.png,as-far wydad-ac ir-tanger cod-meknes rs-berkane rca-zemamra maghreb-of-fez hassania-agadir raja-casablanca olympic-club-safi olympique-dcheira kawkab-of-marrakech difaa-hassani-el-jadidi fath-union-sports-rabat union-yacoub-el-mansour union-touarga-sport-rabat morocco-national-team,
Brasileirão Série A Team Logos in PNG & SVG,brasileirao-serie-a,brasileirao-serie-a,brazil,brasileirao-serie-a,ok,,https://assets.footylogos.com/logos/brasileirao-serie-a/brasileirao-serie-a-logo-footylogos.png,bahia gremio vitoria botafogo coritiba cruzeiro flamengo palmeiras santos-fc sao-paulo fluminense chapecoense corinthians mirassol-fc club-de-remo rb-bragantino vasco-da-gama atletico-mineiro sc-internacional athletico-paranaense,
Brasileirão Série B Team Logos in PNG & SVG,brasileirao-serie-b,brasileirao-serie-b,brazil,brasileirao-serie-b,ok,,https://assets.footylogos.com/logos/brasileirao-serie-b/brasileirao-serie-b-logo-footylogos.png,crb goias cuiaba avai-fc nautico athletic ceara-sc criciuma londrina fortaleza juventude vila-nova botafogo-sp ponte-preta sao-bernardo sport-recife america-mineiro atletico-goianiense gremio-novorizontino operario-ferroviario,
Brasileirão Série C Team Logos in PNG & SVG,brasileirao-serie-c,brasileirao-serie-c,brazil,brasileirao-serie-c,ok,,https://assets.footylogos.com/logos/brasileirao-serie-c/brasileirao-serie-c-logo-footylogos.png,barra caxias ituano brusque guarani maringa amazonas anapolis floresta maranhao paysandu ypiranga confianca itabaiana santa-cruz botafogo-pb ferroviaria figueirense volta-redonda inter-de-limeira,
Brasileirão Série D Team Logos in PNG & SVG,brasileirao-serie-d,brasileirao-serie-d,brazil,brasileirao-serie-d,ok,,https://assets.footylogos.com/logos/brasileirao-serie-d-logo-footylogos.png,csa cse crac iape gama trem altos betim tirol mixto piaui retro sousa treze abc-fc asa-al iguatu azuriz galvez manaus marica sergipe decisao guapore inhumas lagarto blumenau cianorte sao-luiz goiatuba ivinhema manauara maracana noroeste oratorio porto-ba tombense araguaina ceilandia laguna-rn joinville madureira parnahyba primavera tuna-luso america-rn america-rj maguary-pe capital-cf central-pe jacuipense agua-santa luverdense imperatriz humaita-ac uberlandia velo-clube vitoria-es brasiliense sao-jose-rs fc-cascavel juazeirense nacional-am nova-iguacu operario-ms porto-velho aparecidense democrata-gv pouso-alegre sao-joseense serra-branca portuguesa-rj portuguesa-sp fluminense-pi marcilio-dias monte-roraima real-noroeste rio-branco-es varzea-grande ferroviario-ce santa-catarina tocantinopolis aguia-de-maraba guarany-de-bage sao-raimundo-rr independencia-ac xv-de-piracicaba brasil-de-pelotas atletico-cearense sampaio-correa-ma sampaio-correa-rj abecat-ouvidorense moto-club-sao-luis uniao-rondonopolis atletico-de-alagoinhas gremio-atletico-sampaio,
Bundesliga (Germany) Team Logos in PNG & SVG,bundesliga,bundesliga-germany,germany,bundesliga,ok,,https://assets.footylogos.com/logos/bundesliga-germany/bundesliga-germany-logo-footylogos.png,mainz-05 1-fc-koln rb-leipzig schalke-04 fc-augsburg sc-freiburg hamburger-sv union-berlin bayern-munich sv-elversberg vfb-stuttgart werder-bremen tsg-hoffenheim sc-paderborn-07 bayer-leverkusen borussia-dortmund eintracht-frankfurt borussia-monchengladbach,
Bundesliga 2 (Germany) Team Logos in PNG & SVG,bundesliga-2,bundesliga-2-germany,germany,bundesliga-2,ok,,https://assets.footylogos.com/logos/bundesliga-2-germany/bundesliga-2-germany-logo-footylogos.png,hertha-bsc vfl-bochum fc-nurnberg fc-st-pauli hannover-96 fc-heidenheim holstein-kiel karlsruher-sc vfl-osnabruck vfl-wolfsburg 1-fc-magdeburg dynamo-dresden energie-cottbus sv-darmstadt-98 arminia-bielefeld fc-kaiserslautern spvgg-greuther-furth eintracht-braunschweig,
Canadian Premier League Team Logos in PNG & SVG,canadian-premier-league,canadian-premier-league,canada,canadian-premier-league,ok,,https://assets.footylogos.com/logos/canadian-premier-league/canadian-premier-league-logo-footylogos.png,forge-fc cavalry-fc pacific-fc vancouver-fc hfx-wanderers inter-toronto atletico-ottawa supra-du-quebec,
Categoría Primera A (Colombia) Team Logos in PNG & SVG,categoria-primera-a,categora-primera-a-colombia,colombia,categoria-primera-a,ok,,https://assets.footylogos.com/logos/categora-primera-a-colombia/categora-primera-a-colombia-logo-footylogos.png,llaneros bucaramanga millonarios once-caldas boyaca-chico deportivo-cali fortaleza-ceif aguilas-doradas america-de-cali atletico-junior deportes-tolima deportivo-pasto cucuta-deportivo atletico-nacional deportivo-pereira alianza-valledupar jaguares-de-cordoba independiente-medellin independiente-santa-fe internacional-de-bogota,
Challenger Pro League Team Logos in PNG & SVG,challenger-pro-league,challenger-pro-league,belgium,challenger-pro-league,ok,,https://assets.footylogos.com/logos/challenger-pro-league-logo-footylogos.png,united kas-eupen rfc-liege ksc-lokeren rfc-seraing k-lierse-s-k fcv-dender-eh k-beerschot-va sporting-hasselt royal-francs-borains royal-excelsior-virton patro-eisden-maasmechelen,
Chance Liga (Czech Republic) Team Logos in PNG & SVG,chance-liga,chance-liga-czech-republic,czechia,chance-liga,ok,,https://assets.footylogos.com/logos/chance-liga-czech-republic/chance-liga-czech-republic-logo-footylogos.png,fc-zlin fk-teplice fk-jablonec fk-pardubice slavia-praha sparta-praha 1-fc-slovacko sk-artis-brno viktoria-plzen zbrojovka-brno bohemians-praha fc-banik-ostrava sk-sigma-olomouc fc-hradec-kralove fc-slovan-liberec fk-mlada-boleslav,
Chance Národní Liga Team Logos in PNG & SVG,chance-narodni-liga,chance-narodni-liga,czechia,chance-narodni-liga,ok,,https://assets.footylogos.com/logos/chance-narodni-liga-logo-footylogos.png,fk-trinec sk-kladno dukla-praha mfk-karvina 1-sk-prostejov fotbal-pribram slezsky-fc-opava fc-silon-taborsko fk-viktoria-zizkov fc-vysocina-jihlava fk-arsenal-ceska-lipa fk-viagem-usti-nad-labem sk-hanacka-slavia-kromeriz fc-sellier-and-bellot-vlasim,
Chinese Super League Team Logos in PNG & SVG,chinese-super-league,chinese-super-league,china,chinese-super-league,ok,,https://assets.footylogos.com/logos/chinese-super-league/chinese-super-league-logo-footylogos.png,henan-fc yunnan-yukun beijing-guoan dalian-yingbo shanghai-port qingdao-hainiu liaoning-tieren shandong-taishan shanghai-shenhua chengdu-rongcheng wuhan-three-towns qingdao-west-coast tianjin-jinmen-tiger shenzhen-xinpengcheng zhejiang-professional chongqing-tonglianglong,
Concacaf Gold Cup Team Logos in PNG & SVG,concacaf-gold-cup,concacaf-gold-cup,international,concacaf-gold-cup,ok,,https://assets.footylogos.com/logos/concacaf-gold-cup-logo-footylogos.png,usa-national-team haiti-national-team mexico-national-team canada-national-team panama-national-team curacao-national-team jamaica-national-team suriname-national-team honduras-national-team guatemala-national-team costa-rica-national-team el-salvador-national-team saudi-arabia-national-team dominican-republic-national-team trinidad-and-tobago-national-team,
Copa América Team Logos in PNG & SVG,copa-america,copa-america-2024,international,copa-america,ok,,https://assets.footylogos.com/logos/copa-america-2024-logo-footylogos.png,usa-national-team peru-national-team chile-national-team canada-national-team mexico-national-team panama-national-team brazil-national-team ecuador-national-team jamaica-national-team uruguay-national-team bolivia-national-team colombia-national-team paraguay-national-team argentina-national-team venezuela-national-team costa-rica-national-team,
Copa Libertadores Team Logos in PNG & SVG,copa-libertadores,copa-libertadores,brazil,copa-libertadores,ok,,https://assets.footylogos.com/logos/copa-libertadores/copa-libertadores-logo-footylogos.png,cusco lanus bolivar penarol flamengo nacional cruzeiro botafogo palmeiras ldu-quito fluminense corinthians mirassol-fc boca-juniors always-ready cerro-porteno club-libertad coquimbo-unido deportes-tolima atletico-junior rosario-central sporting-cristal atletico-platense universitario-peru deportivo-la-guaira universidad-central universidad-catolica independiente-medellin barcelona-sc-guayaquil independiente-santa-fe estudiantes-de-la-plata independiente-rivadavia independiente-del-valle conmebol,
Copa Sudamericana Team Logos in PNG & SVG,copa-sudamericana,conmebol-sudamericana,international,copa-sudamericana,ok,,https://assets.footylogos.com/logos/conmebol-sudamericana-logo-footylogos.png,tigre lanus gremio caracas olimpia juventud ohiggins botafogo blooming carabobo cd-macara sao-paulo santos-fc palestino ldu-quito millonarios san-lorenzo racing-club river-plate boston-river vasco-da-gama rb-bragantino audax-italiano america-de-cali alianza-atletico atletico-mineiro deportivo-cuenca barracas-central deportivo-riestra deportivo-recoleta cienciano-del-cusco athletico-paranaense montevideo-city-torque academia-puerto-cabello independiente-petrolero independiente-del-valle conmebol,
Cymru North Team Logos in PNG & SVG,cymru-north,cymru-north,wales,cymru-north,ok,,https://assets.footylogos.com/logos/cymru-north-logo-footylogos.png,caersws newtown bala-town rhyl-1879 afan-lido guilsfield porthmadog caerau-ely penrhyncoch ruthin-town buckley-town denbigh-town llanuwchllyn newport-city treowen-stars llanelli-town mold-alexandra baglan-dragons llantwit-major carmarthen-town ynyshir-albions pontardawe-town bangor-city-1876 holyhead-hotspur aberystwyth-town gresford-athletic brickfield-rangers cardiff-draconians trethomas-bluebirds caerphilly-athletic,
Cymru Premier Team Logos in PNG & SVG,cymru-premier,cymru-premier,wales,cymru-premier,ok,,https://assets.footylogos.com/logos/cymru-premier-logo-footylogos.png,penybont llandudno colwyn-bay trefelin-bgc ammanford-afc holywell-town the-new-saints caernarfon-town cambrian-united barry-town-united flint-town-united airbus-uk-broughton connah-s-quay-nomads haverfordwest-county briton-ferry-llansawel cardiff-metropolitan-university,
Cymru South Team Logos in PNG & SVG,cymru-south,cymru-south,wales,cymru-south,ok,,https://assets.footylogos.com/logos/cymru-south-logo-footylogos.png,afan-lido caerau-ely newport-city pure-swansea llanelli-town treowen-stars baglan-dragons llantwit-major carmarthen-town pontardawe-town ynyshir-albions aberystwyth-town pontypridd-united cardiff-draconians caerphilly-athletic trethomas-bluebirds,
Cyprus League Team Logos in PNG & SVG,cyprus-league,cyprus-league,cyprus,cyprus-league,ok,,https://assets.footylogos.com/logos/cyprus-league/cyprus-league-logo-footylogos.png,pafos-fc omonia-29m aek-larnaca karmiotissa ael-limassol nea-salamina apoel-nicosia aris-limassol apollon-limassol omonia-aradippou ac-omonia-nicosia krasava-ypsonas-fc olympiakos-nicosia anorthosis-famagusta,
Danish 1st Division Team Logos in PNG & SVG,danish-1st-division,danish-1st-division,denmark,danish-1st-division,ok,,https://assets.footylogos.com/logos/danish-1st-division-logo-footylogos.png,hb-koge hobro-ik kolding-if hvidovre-if aarhus-fremad fc-fredericia vendsyssel-ff fc-copenhagen vejle-boldklub hillerod-fodbold ab-academisk-boldklub aab-aalborg-boldspilklub-af-1885 esbjerg-fb-esbjerg-forenede-boldklubber,
Danish 2nd Division Team Logos in PNG & SVG,danish-2nd-division,danish-2nd-division,denmark,danish-2nd-division,ok,,https://assets.footylogos.com/logos/danish-2nd-division-logo-footylogos.png,skive-ik thisted-fc brabrand-if fc-roskilde naestved-bk nykobing-fc fremad-amager middelfart-boldklub b93-boldklubben-af-1893 hik-hellerup-idraets-klub vsk-aarhus-vejlby-skovbakken-aarhus fa-2000-frederiksberg-alliancen-2000,
Eerste Divisie Team Logos in PNG & SVG,eerste-divisie,eerste-divisie,netherlands,eerste-divisie,ok,,https://assets.footylogos.com/logos/eerste-divisie/eerste-divisie-logo-footylogos.png,top-oss vitesse fc-emmen nac-breda vvv-venlo fc-utrecht almere-city fc-volendam fc-den-bosch fc-dordrecht fc-eindhoven rkc-waalwijk de-graafschap helmond-sport mvv-maastricht heracles-almelo roda-jc-kerkrade,
EFL Championship (England) Team Logos in PNG & SVG,efl-championship,efl-championship-england,england,efl-championship,ok,,https://assets.footylogos.com/logos/efl-championship-england/efl-championship-england-logo-footylogos.png,burnley watford millwall portsmouth stoke-city southampton wrexham-afc bristol-city cardiff-city derby-county lincoln-city norwich-city swansea-city middlesbrough birmingham-city west-ham-united blackburn-rovers bolton-wanderers sheffield-united charlton-athletic preston-north-end queens-park-rangers west-bromwich-albion wolverhampton-wanderers,
EFL League One (England) Team Logos in PNG & SVG,efl-league-one,efl-league-one,england,efl-league-one,ok,,https://assets.footylogos.com/logos/efl-league-one/efl-league-one-logo-footylogos.png,bromley barnsley blackpool leicester stevenage luton-town reading-fc notts-county afc-wimbledon bradford-city burton-albion leyton-orient oxford-united mansfield-town wigan-athletic plymouth-argyle cambridge-united doncaster-rovers stockport-county huddersfield-town wycombe-wanderers milton-keynes-dons peterborough-united sheffield-wednesday,
EFL League Two (England) Team Logos in PNG & SVG,efl-league-two,efl-league-two,england,efl-league-two,ok,,https://assets.footylogos.com/logos/efl-league-two/efl-league-two-logo-footylogos.png,barnet walsall rochdale york-city gillingham exeter-city chesterfield crawley-town grimsby-town port-vale-fc salford-city swindon-town bristol-rovers fleetwood-town newport-county cheltenham-town crewe-alexandra oldham-athletic shrewsbury-town tranmere-rovers northampton-town rotherham-united colchester-united accrington-stanley,
Egyptian Premier League Team Logos in PNG & SVG,egyptian-premier-league,egyptian-premier-league,egypt,egyptian-premier-league,ok,,https://assets.footylogos.com/logos/egyptian-premier-league/egyptian-premier-league-logo-footylogos.png,smouha zed-fc enppi-sc pharco-fc al-ahly-sc ismaily-sc zamalek-sc al-masry-sc el-gouna-fc petrojet-fc pyramids-fc bank-el-ahly el-mokawloon modern-sport harras-hodoud wadi-degla-sc talaea-el-geish ghazl-el-mahalla ittihad-alexandria ceramica-cleopatra-fc egypt-national-team,
Ekstraklasa (Poland) Team Logos in PNG & SVG,ekstraklasa,ekstraklasa-poland,poland,ekstraklasa,ok,,https://assets.footylogos.com/logos/ekstraklasa-poland/ekstraklasa-poland-logo-footylogos.png,ks-cracovia lech-poznan widzew-lodz wisla-plock gks-katowice motor-lublin wisla-krakow gornik-zabrze korona-kielce piast-gliwice slask-wroclaw legia-warszawa pogon-szczecin radomiak-radom zaglebie-lubin wieczysta-krakow rakow-czestochowa jagiellonia-bialystok,
Eliteserien (Norway) Team Logos in PNG & SVG,eliteserien,eliteserien-norway,norway,eliteserien,ok,,https://assets.footylogos.com/logos/eliteserien-norway/eliteserien-norway-logo-footylogos.png,kfum start hamkam aalesund molde-fk sk-brann tromso-il valerenga viking-fk rosenborg-bk sarpsborg-08 fk-bodo-glimt lillestrom-sk fredrikstad-fk kristiansund-bk sandefjord-fotball,
Eredivisie (Netherlands) Team Logos in PNG & SVG,eredivisie,eredivisie-netherlands,netherlands,eredivisie,ok,,https://assets.footylogos.com/logos/eredivisie-netherlands/eredivisie-netherlands-logo-footylogos.png,ajax telstar excelsior fc-twente feyenoord willem-ii az-alkmaar fc-utrecht pec-zwolle sc-cambuur ado-den-haag fc-groningen nec-nijmegen psv-eindhoven sc-heerenveen fortuna-sittard go-ahead-eagles sparta-rotterdam,
Erovnuli Liga (Georgia) Team Logos in PNG & SVG,erovnuli-liga,erovnuli-liga,georgia,erovnuli-liga,ok,,https://assets.footylogos.com/logos/erovnuli-liga/erovnuli-liga-logo-footylogos.png,fc-gagra fc-spaeri fc-rustavi fc-dila-gori dinamo-batumi dinamo-tbilisi fc-iberia-1999 torpedo-kutaisi meshakhte-tkibuli samgurali-tskaltubo,
Europa League Team Logos in PNG & SVG,europa-league,europa-league,international,europa-league,ok,,https://assets.footylogos.com/logos/europa-league/europa-league-logo-footylogos.png,ac-milan juventus atalanta az-alkmaar celta-vigo sunderland sevilla-fc aston-villa real-sociedad scu-torreense stade-rennais crystal-palace tsg-hoffenheim afc-bournemouth bayer-leverkusen tottenham-hotspur eintracht-frankfurt olympique-de-marseille-om uefa,
FIFA World Cup 2026 Team Logos in PNG & SVG,fifa-world-cup-2026,fifa-world-cup-2026,international,fifa-world-cup-2026,ok,,https://assets.footylogos.com/logos/fifa-world-cup-2026/fifa-world-cup-2026-logo-footylogos.png,usa-national-team iran-national-team iraq-national-team qatar-national-team haiti-national-team japan-national-team egypt-national-team spain-national-team ghana-national-team mexico-national-team canada-national-team brazil-national-team turkey-national-team sweden-national-team france-national-team norway-national-team jordan-national-team panama-national-team czechia-national-team morocco-national-team germany-national-team ecuador-national-team curacao-national-team tunisia-national-team belgium-national-team uruguay-national-team senegal-national-team algeria-national-team austria-national-team england-national-team croatia-national-team scotland-national-team paraguay-national-team portugal-national-team colombia-national-team dr-congo-national-team australia-national-team argentina-national-team cabo-verde-national-team uzbekistan-national-team south-korea-national-team switzerland-national-team new-zealand-national-team south-africa-national-team saudi-arabia-national-team cote-d-ivoire-national-team netherlands-national-team-dutch bosnia-and-herzegovina-national-team,
FIFA World Cup Logos by Edition: 1930–2026,fifa-world-cup-editions,fifa,international,fifa-world-cup-editions,ok,,https://assets.footylogos.com/logos/fifa-logo-footylogos.png,,
Indian Super League Team Logos in PNG & SVG,indian-super-league,indian-super-league,india,indian-super-league,ok,,https://assets.footylogos.com/logos/indian-super-league/indian-super-league-logo-footylogos.png,fc-goa odisha-fc punjab-fc mumbai-city bengaluru-fc hyderabad-fc chennaiyin-fc jamshedpur-fc mohammedan-sc east-bengal-fc kerala-blasters northeast-united mohun-bagan-super-giant,
Indonesian Super League Team Logos in PNG & SVG,indonesian-super-league,indonesian-super-league,indonesia,indonesian-super-league,ok,,https://assets.footylogos.com/logos/indonesian-super-league/indonesian-super-league-logo-footylogos.png,arema-fc psbs-biak pss-sleman bali-united dewa-united persis-solo malut-united psm-makassar semen-padang madura-united persik-kediri persib-bandung garudayaksa-fc persija-jakarta persijap-jepara psim-yogyakarta borneo-samarinda persita-tangerang persebaya-surabaya adhyaksa-fc-banten bhayangkara-presisi-lampung,
Iraq Stars League Team Logos in PNG & SVG,iraq-stars-league,iraq-stars-league,iraq,iraq-stars-league,ok,,https://assets.footylogos.com/logos/iraq-stars-league-logo-footylogos.png,duhok-sc erbil-sc zakho-sc diyala-sc newroz-sc al-naft-sc al-karkh-sc al-karma-sc al-minaa-sc al-mosul-sc al-najaf-sc al-qasim-sc al-shorta-sc al-talaba-sc al-zawraa-sc al-shamal-sc al-gharraf-sc al-kahrabaa-sc naft-maysan-sc al-quwa-al-jawiya,
Israeli Premier League (Ligat ha'Al) Team Logos in PNG & SVG,israeli-premier-league,israeli-premier-league,israel,israeli-premier-league,ok,,https://assets.footylogos.com/logos/israeli-premier-league/israeli-premier-league-logo-footylogos.png,fc-ashdod hapoel-haifa maccabi-haifa ironi-tiberias hapoel-tel-aviv maccabi-netanya beitar-jerusalem hapoel-jerusalem maccabi-tel-aviv hapoel-beer-sheva ihud-bnei-sakhnin hapoel-petah-tikva ironi-kiryat-shmona maccabi-bnei-reineh,
Isthmian League Premier Division Team Logos in PNG & SVG,isthmian-league-premier-division,isthmian-league-premier-division,england,isthmian-league-premier-division,ok,,https://assets.footylogos.com/logos/isthmian-league-premier-division-logo-footylogos.png,lewes aveley cheshunt dartford ramsgate whitehawk leatherhead chatham-town enfield-town three-bridges afc-whyteleafe brentwood-town cray-wanderers dulwich-hamlet maldon-tiptree st-albans-city stanway-rovers welling-united wingate-finchley burgess-hill-town eastbourne-borough carshalton-athletic,
J1 League (Japan) Team Logos in PNG & SVG,j1-league,j1-league-japan,japan,j1-league,ok,,https://assets.footylogos.com/logos/j1-league-japan/j1-league-japan-logo-footylogos.png,fc-tokyo gamba-osaka kyoto-sanga tokyo-verdy vissel-kobe cerezo-osaka avispa-fukuoka kashiwa-reysol machida-zelvia mito-hollyhock nagoya-grampus fagiano-okayama kashima-antlers shimizu-s-pulse jef-united-chiba v-varen-nagasaki kawasaki-frontale urawa-red-diamonds yokohama-f-marinos sanfrecce-hiroshima,
J2 League (Japan) Team Logos in PNG & SVG,j2-league,j2-league-japan,japan,j2-league,ok,,https://assets.footylogos.com/logos/j2-league-japan-logo-footylogos.png,iwaki-fc fc-imabari sagan-tosu yokohama-fc fujieda-myfc jubilo-iwata oita-trinita tochigi-city vegalta-sendai ventforet-kofu albirex-niigata blaublitz-akita kataller-toyama rb-omiya-ardija shonan-bellmare tokushima-vortis montedio-yamagata vanraure-hachinohe tegevajaro-miyazaki hokkaido-consadole-sapporo,
J3 League (Japan) Team Logos in PNG & SVG,j3-league,j3-league-japan,japan,j3-league,ok,,https://assets.footylogos.com/logos/j3-league-japan-logo-footylogos.png,fc-gifu ehime-fc fc-osaka fc-ryukyu nara-club tochigi-sc kochi-united reilac-shiga thespa-gunma sc-sagamihara gainare-tottori roasso-kumamoto fukushima-united kagoshima-united matsumoto-yamaga renofa-yamaguchi zweigen-kanazawa kamatamare-sanuki ac-nagano-parceiro giravanz-kitakyushu,
K League 1 (South Korea) Team Logos in PNG & SVG,k-league-1,k-league-1-south-korea,south-korea,k-league-1,ok,,https://assets.footylogos.com/logos/k-league-1-south-korea/k-league-1-south-korea-logo-footylogos.png,fc-seoul ulsan-hd fc-anyang gangwon-fc gwangju-fc jeju-united bucheon-1995 incheon-united gimcheon-sangmu pohang-steelers daejeon-hana-citizen jeonbuk-hyundai-motors,
K League 2 Team Logos in PNG & SVG,k-league-2,k-league-2,south-korea,k-league-2,ok,,https://assets.footylogos.com/logos/k-league-2-logo-footylogos.png,daegu-fc gimpo-fc suwon-fc yongin-fc busan-ipark hwaseong-fc seongnam-fc gyeongnam-fc gimhae-fc2008 cheonan-city-fc jeonnam-dragons seoul-e-land-fc chungnam-asan-fc paju-frontier-fc ansan-greeners-fc chungbuk-cheongju-fc suwon-samsung-bluewings,
Kategoria Superiore (Albania) Team Logos in PNG & SVG,kategoria-superiore,real-madrid,albania,kategoria-superiore,ok,,https://assets.footylogos.com/logos/real-madrid/real-madrid-logo-footylogos.png,kf-laci vora-fk kf-teuta kf-tirana kf-egnatia skenderbeu af-elbasani kf-vllaznia fk-partizani fc-dinamo-city,
Kazakhstan Premier League Team Logos in PNG & SVG,kazakhstan-premier-league,kazakhstan-premier-league,kazakhstan,kazakhstan-premier-league,ok,,https://assets.footylogos.com/logos/kazakhstan-premier-league/kazakhstan-premier-league-logo-footylogos.png,jenis kaspy tobol aktobe astana atyrau irtysh jetisu kaysar ulytau yelimay altay-sk ordabasy okzhetpes kyzylzhar kairat-almaty,
Kings League Team Logos in PNG & SVG,kings-league,kings-league,international,kings-league,ok,,https://assets.footylogos.com/logos/kings-league-logo-footylogos.png,3bs dr7 fwz sxb 1k-fc g2-fc turbo pio-fc g3x-fc kru-fc bigbro trm-fc karasu unit3d abo-fc loud-sc boomers d-power skull-fc capim-fc fluxo-fc furia-fc alpak-fc fc-silmi red-zone el-barrio desimpain persas-fc raniza-fc simios-fc circus-fc fc-caesar gear-7-fc stallions zebras-fc zeta-como saiyans-fc dendele-fc 360-nation jijantes-fc porcinos-fc xbuyer-team dibrados-fc era-colonia no-rules-fc youniors-fc nyvelados-fc guerrilla-fc underdogs-fc wolf-pack-fc la-capital-cf los-aliens-fc los-chamos-fc vice-versa-fc ultra-chmicha los-troncos-fc kaktus-kickers tiki-tacker-ff club-de-cuervos panam-all-starz istanbul-united aniquiladores-fc peluche-caligari generation-seven rayo-de-barcelona ultimate-mostoles podpah-funkbol-clube atletico-parceros-fc galacticos-del-caribe athletic-dragon-blanc,
Kings League Brazil Team Logos in PNG & SVG,kings-league-brazil,kings-league,brazil,kings-league-brazil,ok,,https://assets.footylogos.com/logos/kings-league-logo-footylogos.png,g3x-fc loud-sc capim-fc fluxo-fc furia-fc desimpain dendele-fc dibrados-fc nyvelados-fc podpah-funkbol-clube,identical image to kings-league
Kings League France Team Logos in PNG & SVG,kings-league-france,kings-league,france,kings-league-france,ok,,https://assets.footylogos.com/logos/kings-league-logo-footylogos.png,karasu unit3d fc-silmi 360-nation wolf-pack-fc panam-all-starz generation-seven athletic-dragon-blanc,identical image to kings-league
Kings League Germany Team Logos in PNG & SVG,kings-league-germany,kings-league,germany,kings-league-germany,ok,,https://assets.footylogos.com/logos/kings-league-logo-footylogos.png,g2-fc era-colonia no-rules-fc youniors-fc vice-versa-fc kaktus-kickers tiki-tacker-ff istanbul-united,identical image to kings-league
Kings League Italy Team Logos in PNG & SVG,kings-league-italy,kings-league,italy,kings-league-italy,ok,,https://assets.footylogos.com/logos/kings-league-logo-footylogos.png,bigbro trm-fc boomers d-power alpak-fc circus-fc fc-caesar gear-7-fc stallions zebras-fc zeta-como underdogs-fc,identical image to kings-league
Kings League MENA Team Logos in PNG & SVG,kings-league-mena,kings-league,international,kings-league-mena,ok,,https://assets.footylogos.com/logos/kings-league-logo-footylogos.png,3bs dr7 fwz sxb turbo abo-fc red-zone ultra-chmicha,identical image to kings-league
Kings League Mexico Team Logos in PNG & SVG,kings-league-mexico,kings-league,mexico,kings-league-mexico,ok,,https://assets.footylogos.com/logos/kings-league-logo-footylogos.png,kru-fc persas-fc raniza-fc simios-fc guerrilla-fc los-aliens-fc los-chamos-fc club-de-cuervos aniquiladores-fc peluche-caligari atletico-parceros-fc galacticos-del-caribe,identical image to kings-league
Kings League Spain Team Logos in PNG & SVG,kings-league-spain,kings-league,spain,kings-league-spain,ok,,https://assets.footylogos.com/logos/kings-league-logo-footylogos.png,1k-fc pio-fc skull-fc el-barrio saiyans-fc jijantes-fc porcinos-fc xbuyer-team la-capital-cf los-troncos-fc rayo-de-barcelona ultimate-mostoles,identical image to kings-league
Kings World Cup Clubs Team Logos in PNG & SVG,kings-world-cup-clubs,kings-league,international,kings-world-cup-clubs,ok,,https://assets.footylogos.com/logos/kings-league-logo-footylogos.png,dr7 fwz g3x-fc karasu alpak-fc furia-fc desimpain stallions porcinos-fc underdogs-fc la-capital-cf los-troncos-fc aniquiladores-fc ultimate-mostoles atletico-parceros-fc,identical image to kings-league
LaLiga (Spain) Team Logos in PNG & SVG,laliga,laliga-spain,spain,laliga,ok,,https://assets.footylogos.com/logos/laliga-spain/laliga-spain-logo-footylogos.png,osasuna elche-cf getafe-cf malaga-cf celta-vigo levante-ud sevilla-fc real-madrid valencia-cf fc-barcelona real-sociedad villarreal-cf rayo-vallecano atletico-madrid deportivo-alaves racing-santander deportivo-la-coruna real-betis-balompie athletic-club-bilbao rcd-espanyol-barcelona,
LaLiga 2 (Spain) Team Logos in PNG & SVG,laliga-2,laliga-2-spain,spain,laliga-2,ok,,https://assets.footylogos.com/logos/laliga-2-spain/laliga-2-spain-logo-footylogos.png,ceuta cordoba granada cadiz-cf sd-eibar burgos-cf girona-fc cd-eldense cd-leganes fc-andorra las-palmas ud-almeria cd-tenerife ce-sabadell real-oviedo cd-castellon rcd-mallorca sporting-gijon real-valladolid albacete-balompie,
League of Ireland Team Logos in PNG & SVG,league-of-ireland,league-of-ireland,ireland,league-of-ireland,ok,,https://assets.footylogos.com/logos/league-of-ireland/league-of-ireland-logo-footylogos.png,dundalk waterford derry-city sligo-rovers shelbourne-fc drogheda-united shamrock-rovers bohemians-dublin galway-united-fc st-patrick-s-athletic,
Liga 1 Peru Team Logos in PNG & SVG,liga-1-peru,liga-1-peru,peru,liga-1-peru,ok,,https://assets.footylogos.com/logos/liga-1-peru/liga-1-peru-logo-footylogos.png,cusco fbc-melgar sport-boys alianza-lima fc-cajamarca atletico-grau sport-huancayo alianza-atletico sporting-cristal adc-juan-pablo-ii universitario-peru cienciano-del-cusco comerciantes-unidos deportivo-garcilaso deportivo-los-chankas club-deportivo-moquegua asociacion-deportiva-tarma universidad-tecnica-de-cajamarca,
Liga 2 (Portugal) Team Logos in PNG & SVG,liga-2-portugal,liga-portugal-2,portugal,liga-2-portugal,ok,,https://assets.footylogos.com/logos/liga-portugal-2/liga-portugal-2-logo-footylogos.png,leixoes amarante feirense penafiel academica fc-vizela gd-chaves cd-tondela felgueiras sc-farense portimonense scu-torreense avs-futebol-sad uniao-de-leiria lusitania-de-lourosa,
Liga 3 Team Logos in PNG & SVG,liga-3-portugal,liga-3-portugal,portugal,liga-3-portugal,ok,,https://assets.footylogos.com/logos/liga-3-portugal-logo-footylogos.png,ad-fafe leca-fc cd-mafra caldas-sc varzim-sc sc-covilha ad-marco-09 cd-trofense oliveirense sc-vianense usc-paredes louletano-dc pacos-ferreira cf-os-belenenses uniao-de-santarem sc-sao-joao-de-ver gd-vitoria-de-sernache lusitano-ginasio-clube atletico-clube-de-portugal,
Liga (Bolivia) Team Logos in PNG & SVG,liga-bolivia,liga-bolivia,bolivia,liga-bolivia,ok,,https://assets.footylogos.com/logos/liga-bolivia/liga-bolivia-logo-footylogos.png,aurora bolivar blooming real-potosi always-ready real-tomayapo the-strongest deportivo-guabira universitario-de-vinto independiente-petrolero atletico-nacional-potosi cd-san-antonio-bulo-bulo deportivo-oriente-petrolero deportivo-totora-real-oruro academia-del-balompie-boliviano gualberto-villarroel-deportivo-san-jose bolivia-national-team,
Liga de Expansión MX Team Logos in PNG & SVG,liga-de-expansion-mx,liga-de-expansion-mx,mexico,liga-de-expansion-mx,ok,,https://assets.footylogos.com/logos/liga-de-expansion-mx-logo-footylogos.png,tapatio irapuato cancun-fc leones-fc cruz-azul venados-fc jaiba-brava tlaxcala-fc tepatitlan-fc atletico-la-paz atletico-morelia correcaminos-uat dorados-de-sinaloa leones-negros-udeg alebrijes-de-oaxaca mineros-de-zacatecas,
Liga de Primera (Chile) Team Logos in PNG & SVG,liga-de-primera-chile,liga-de-primera-chile-c9afc,chile,liga-de-primera-chile,ok,,https://assets.footylogos.com/logos/liga-de-primera-chile-c9afc/liga-de-primera-chile-c9afc-logo-footylogos.png,cobresal nublense ohiggins colo-colo la-serena palestino huachipato audax-italiano coquimbo-unido union-la-calera deportes-limache deportes-concepcion universidad-catolica universidad-de-chile everton-de-vina-del-mar universidad-de-concepcion,
Liga Futve (Venezuela) Team Logos in PNG & SVG,liga-futve-venezuela,liga-futve-venezuela,venezuela,liga-futve-venezuela,ok,,https://assets.footylogos.com/logos/liga-futve-venezuela/liga-futve-venezuela-logo-footylogos.png,zamora caracas monagas carabobo portuguesa trujillanos rayo-zuliano anzoategui-fc metropolitanos deportivo-tachira estudiantes-merida deportivo-la-guaira universidad-central academia-puerto-cabello,
Liga MX Team Logos in PNG & SVG,liga-mx,liga-mx,mexico,liga-mx,ok,,https://assets.footylogos.com/logos/liga-mx/liga-mx-logo-footylogos.png,atlas necaxa puebla toluca atlante pachuca club-leon cruz-azul fc-juarez monterrey pumas-unam tigres-uanl club-america club-tijuana queretaro-fc santos-laguna cd-guadalajara atletico-san-luis,
Liga Portugal Team Logos in PNG & SVG,liga-portugal,primeira-liga-portugal,portugal,liga-portugal,ok,,https://assets.footylogos.com/logos/primeira-liga-portugal/primeira-liga-portugal-logo-footylogos.png,rio-ave casa-pia fc-porto maritimo sc-braga fc-arouca fc-alverca moreirense sl-benfica vitoria-sc gil-vicente sporting-cp fc-famalicao estoril-praia cd-santa-clara estrela-amadora academico-de-viseu cd-nacional-madeira,
Liga Profesional (Argentina) Team Logos in PNG & SVG,liga-profesional,liga-profesional-argentina,argentina,liga-profesional,ok,,https://assets.footylogos.com/logos/liga-profesional-argentina/liga-profesional-argentina-logo-footylogos.png,lanus union tigre huracan talleres aldosivi banfield belgrano sarmiento san-lorenzo river-plate racing-club boca-juniors independiente velez-sarsfield rosario-central newells-old-boys atletico-tucuman barracas-central atletico-platense deportivo-riestra instituto-cordoba defensa-y-justicia central-cordoba-se gimnasia-y-esgrima argentinos-juniors gimnasia-y-esgrima-lp estudiantes-de-la-plata independiente-rivadavia estudiantes-de-rio-cuarto,
LigaPro Serie A (Ecuador) Team Logos in PNG & SVG,ligapro-serie-a,ligapro-serie-a-ecuador,ecuador,ligapro-serie-a,ok,,https://assets.footylogos.com/logos/ligapro-serie-a-ecuador/ligapro-serie-a-ecuador-logo-footylogos.png,manta-fc sd-aucas cd-macara cs-emelec delfin-sc ldu-quito leones-fc orense-sc libertad-fc guayaquil-city mushuc-runa-sc deportivo-cuenca tecnico-universitario barcelona-sc-guayaquil cd-universidad-catolica independiente-del-valle,
Ligue 1 (France) Team Logos in PNG & SVG,ligue-1,ligue-1-france,france,ligue-1,ok,,https://assets.footylogos.com/logos/ligue-1-france/ligue-1-france-logo-footylogos.png,troyes rc-lens ogc-nice paris-fc as-monaco aj-auxerre angers-sco fc-lorient le-mans-fc losc-lille le-havre-ac toulouse-fc stade-rennais stade-brestois-29 olympique-lyonnais rc-strasbourg-alsace paris-saint-germain-psg olympique-de-marseille-om,
Ligue 1 (Tunisia) Team Logos in PNG & SVG,ligue-1-tunisia,ligue-1-tunisia,tunisia,ligue-1-tunisia,ok,,https://assets.footylogos.com/logos/ligue-1-tunisia/ligue-1-tunisia-logo-footylogos.png,es-zarzis as-soliman cs-sfaxien us-monastir club-africain olympique-beja stade-tunisien js-kairouanaise us-ben-guerdane avenir-sportif-de-gabes club-athletique-bizertin etoile-sportive-du-sahel avenir-sportif-de-la-marsa esperance-sportive-de-tunis etoile-sportive-de-metlaoui jeunesse-sportive-d-el-omrane tunisia-national-team,
Ligue 2 (France) Team Logos in PNG & SVG,ligue-2,ligue-2-france,france,ligue-2,ok,,https://assets.footylogos.com/logos/ligue-2-france/ligue-2-france-logo-footylogos.png,laval pau-fc fc-metz boulogne rodez-af dijon-fco fc-annecy fc-nantes fc-sochaux ea-guingamp montpellier red-star-fc clermont-foot usl-dunkerque nancy-lorraine stade-de-reims as-saint-etienne grenoble-foot-38,
Ligue 3 (France) Team Logos in PNG & SVG,ligue-3,ligue-3,france,ligue-3,ok,,https://assets.footylogos.com/logos/ligue-3/ligue-3-logo-footylogos.png,troyes sm-caen rc-lens fc-rouen ogc-nice paris-fc amiens-sc as-cannes sc-bastia as-monaco us-orleans aj-auxerre angers-sco fc-lorient le-mans-fc losc-lille le-havre-ac toulouse-fc fc-fleury-91 fc-versailles us-concarneau stade-rennais valenciennes-fc paris-13-atletico stade-brestois-29 bourg-en-bresse-01 le-puy-en-velay-fc sc-aubagne-air-bel olympique-lyonnais vfc-la-roche-sur-yon rc-strasbourg-alsace us-thionville-lusitanos paris-saint-germain-psg quevilly-rouen-metropole olympique-de-marseille-om fc-villefranche-beaujolais,
Malaysia Super League Team Logos in PNG & SVG,malaysia-super-league,malaysia-super-league,malaysia,malaysia-super-league,ok,,https://assets.footylogos.com/logos/malaysia-super-league-logo-footylogos.png,dpmm-fc sabah-fc melaka-fc penang-fc selangor-fc star-city-fc terengganu-fc kuching-city-fc johor-darul-tazim negeri-sembilan-fc kuala-lumpur-city-fc kelantan-red-warrior-fc,
Major League Soccer (MLS) Team Logos in PNG & SVG,mls,mls,usa,mls,ok,,https://assets.footylogos.com/logos/mls/mls-logo-footylogos.png,dc-united austin-fc fc-dallas la-galaxy toronto-fc inter-miami cf-montreal charlotte-fc chicago-fire nashville-sc orlando-city san-diego-fc fc-cincinnati columbus-crew atlanta-united houston-dynamo los-angeles-fc real-salt-lake colorado-rapids new-york-city-fc minnesota-united portland-timbers st-louis-city-sc seattle-sounders philadelphia-union new-york-red-bulls vancouver-whitecaps san-jose-earthquakes sporting-kansas-city new-england-revolution,
National 1 (France) Team Logos in PNG & SVG,national-1-france,national-1-france,france,national-1-france,ok,,https://assets.footylogos.com/logos/national-1-france-logo-footylogos.png,uslpv troyes goal-fc fc-borgo fc-dieppe hyeres-fc istres-fc sr-colmar bourges-fc fc-chauray fc-lorient sas-epinal us-creteil gsi-pontivy chateauroux asc-biesheim fc-montlouis us-avranches us-chantilly us-granville fcsr-haguenau us-saint-malo dinan-lehon-fc hauts-lyonnais stade-briochin as-saint-priest fc-chambly-oise les-herbiers-vf lyon-la-duchere nimes-olympique olympique-saumur le-poire-sur-vie as-furiani-agliani aviron-bayonnais-fc canet-roussillon-fc frejus-saint-raphael sporting-club-toulon angouleme-charente-fc gfa-rumilly-vallieres racing-club-de-france andrezieux-boutheon-fc saint-colomban-locmine us-saint-maur-lusitanos entente-feignies-aulnoye tarbes-pyrenees-football saint-pryve-saint-hilaire voltigeurs-de-chateaubriant fc-limonest-dardilly-saint-didier,
National League (England) Team Logos in PNG & SVG,national-league,national-league,england,national-league,ok,,https://assets.footylogos.com/logos/national-league-logo-footylogos.png,woking yeovil carlisle southend tamworth worthing afc-fylde eastleigh gateshead altrincham barrow-afc hartlepool hornchurch scunthorpe wealdstone boreham-wood halifax-town boston-united sutton-united aldershot-town harrogate-town solihull-moors forest-green-rovers kidderminster-harriers,
National League North (England) Team Logos in PNG & SVG,national-league-north,national-league-north,england,national-league-north,ok,,https://assets.footylogos.com/logos/national-league-north-logo-footylogos.png,buxton marine chorley morecambe radcliffe southport chester-fc darlington hereford-fc oxford-city bedford-town hebburn-town macclesfield merthyr-town worksop-town brackley-town south-shields harborough-town hednesford-town kings-lynn-town spalding-united spennymoor-town afc-telford-united scarborough-athletic,
National League South (England) Team Logos in PNG & SVG,national-league-south,national-league-south,england,national-league-south,ok,,https://assets.footylogos.com/logos/national-league-south-logo-footylogos.png,chesham horsham maidstone salisbury afc-totton maidenhead truro-city farnborough slough-town farnham-town braintree-town dover-athletic torquay-united billericay-town chelmsford-city ebbsfleet-united tonbridge-angels dorking-wanderers weston-super-mare folkestone-invicta walton-and-hersham hampton-and-richmond hemel-hempstead-town dagenham-and-redbridge,
NB1 (Hungary) Team Logos in PNG & SVG,nb1-hungary,nb1-hungary,hungary,nb1-hungary,ok,,https://assets.footylogos.com/logos/nb1-hungary/nb1-hungary-logo-footylogos.png,gyor paksi ujpest debrecen kisvarda diosgyor-vtk mtk-budapest ferencvaros-tc kazincbarcikai puskas-akademia zte-zalaegerszeg nyiregyhaza-spartacus,
NBC Premier League (Tanzania) Team Logos in PNG & SVG,nbc-premier-league,nbc-premier-league,tanzania,nbc-premier-league,ok,,https://assets.footylogos.com/logos/nbc-premier-league-logo-footylogos.png,kmc-fc azam-fc simba-sc mbeya-city namungo-fc pamba-jiji tra-united dodoma-jiji mashujaa-fc jkt-tanzania mtibwa-sugar coastal-union young-africans fountain-gate-fc tanzania-prisons singida-black-stars,
Nigeria Premier Football League Team Logos in PNG & SVG,nigeria-premier-football-league,nigeria-premier-football-league,nigeria,nigeria-premier-football-league,ok,,https://assets.footylogos.com/logos/nigeria-premier-football-league-logo-footylogos.png,barau-fc enyimba-fc ikorodu-city-fc kano-pillars-fc kun-khalifat-fc kwara-united-fc warri-wolves-fc abia-warriors-fc rivers-united-fc katsina-united-fc plateau-united-fc shooting-stars-sc nasarawa-united-fc niger-tornadoes-fc bendel-insurance-fc rangers-international-fc,
Niké liga Team Logos in PNG & SVG,nike-liga,nike-liga,slovakia,nike-liga,ok,,https://assets.footylogos.com/logos/nike-liga-logo-footylogos.png,fc-kosice as-trencin msk-zilina kfc-komarno mfk-skalica mfk-ruzomberok fc-spartak-trnava sk-slovan-bratislava mfk-zemplin-michalovce dac-1904-dunajska-streda fk-zeleziarne-podbrezova mfk-dukla-banska-bystrica,
Northern Premier League Premier Division Team Logos in PNG & SVG,northern-premier-league-premier-division,northern-premier-league-premier-division,england,northern-premier-league-premier-division,ok,,https://assets.footylogos.com/logos/northern-premier-league-premier-division-logo-footylogos.png,bury quorn avro-fc emley-afc leek-town hyde-united whitby-town guiseley-afc alfreton-town ashton-united bamber-bridge curzon-ashton ilkeston-town stockton-town lancaster-city workington-afc redcar-athletic warrington-town cleethorpes-town warrington-rylands gainsborough-trinity fc-united-of-manchester,
Norwegian First Division Team Logos in PNG & SVG,norwegian-first-division,norwegian-first-division,norway,norwegian-first-division,ok,,https://assets.footylogos.com/logos/norwegian-first-division-logo-footylogos.png,lyn hodd moss bryne odds-bk raufoss-il kongsvinger sandnes-ulf strommen-if egersunds-ik fk-haugesund asane-fotball ranheim-fotball sogndal-fotball stabaek-fotball stromsgodset-toppfotball,
Northern Ireland Premiership (NIFL) Team Logos in PNG & SVG,nothern-ireland-premiership,northern-ireland-football-league,northern-ireland,nothern-ireland-premiership,ok,,https://assets.footylogos.com/logos/northern-ireland-football-league/northern-ireland-football-league-logo-footylogos.png,larne bangor linfield coleraine crusaders glentoran portadown cliftonville carrick-rangers limavady-united ballymena-united dungannon-swifts,
National Women's Soccer League Team Logos in PNG & SVG,nwsl,nwsl,usa,nwsl,ok,,https://assets.footylogos.com/logos/nwsl-logo-footylogos.png,bay-fc gotham-fc houston-dash angel-city-fc orlando-pride utah-royals-fc boston-legacy-fc chicago-stars-fc denver-summit-fc seattle-reign-fc san-diego-wave-fc washington-spirit portland-thorns-fc kansas-city-current racing-louisville-fc north-carolina-courage,
Parva Liga (Bulgaria) Team Logos in PNG & SVG,parva-liga,parva-liga,bulgaria,parva-liga,ok,,https://assets.footylogos.com/logos/parva-liga/parva-liga-logo-footylogos.png,arda cska-1948 septemvri cska-sofia dunav-ruse ludogorets cherno-more botev-vratsa levski-sofia slavia-sofia botev-plovdiv spartak-varna lokomotiv-sofia lokomotiv-plovdiv,
Pegadaian Championship (Indonesia) Team Logos in PNG & SVG,pegadaian-championship,pegadaian-championship,indonesia,pegadaian-championship,ok,,https://assets.footylogos.com/logos/pegadaian-championship-logo-footylogos.png,psms-medan pss-sleman sriwijaya-fc barito-putera persiku-kudus persipal-palu psis-semarang fc-bekasi-city garudayaksa-fc kendal-tornado persekat-tegal persikad-depok psps-pekanbaru deltras-sidoarjo persela-lamongan sumsel-united-fc adhyaksa-fc-banten persiba-balikpapan persipura-jayapura persiraja-banda-aceh,
Persian Gulf Pro League (Iran) Team Logos in PNG & SVG,persian-gulf-pro-league,persian-gulf-pro-league,iran,persian-gulf-pro-league,ok,,https://assets.footylogos.com/logos/persian-gulf-pro-league/persian-gulf-pro-league-logo-footylogos.png,foolad paykan malavan sepahan tractor zob-ahan esteghlal gol-gohar persepolis sanat-naft shams-azar fajr-sepasi aluminium-arak mes-shahr-e-babak chadormalu-ardakan nassaji-mazandaran esteghlal-khuzestan kheybar-khorramabad,
Polish I liga Team Logos in PNG & SVG,polish-i-liga,polish-i-liga,poland,polish-i-liga,ok,,https://assets.footylogos.com/logos/polish-i-liga-logo-footylogos.png,lks-lodz odra-opole arka-gdynia stal-mielec ruch-chorzow stal-rzeszow warta-poznan lechia-gdansk miedz-legnica pogon-siedlce polonia-bytom chrobry-glogow polonia-warszawa unia-skierniewice puszcza-niepolomice pogon-grodzisk-mazowiecki podbeskidzie-bielsko-biala bruk-bet-termalica-nieciecza,
Premier League Team Logos in PNG & SVG,premier-league,premier-league-england,england,premier-league,ok,,https://assets.footylogos.com/logos/premier-league-england/premier-league-england-logo-footylogos.png,fulham arsenal chelsea everton brentford hull-city sunderland aston-villa ipswich-town leeds-united liverpool-fc coventry-city crystal-palace afc-bournemouth manchester-city newcastle-united manchester-united nottingham-forest tottenham-hotspur brighton-and-hove-albion,
Premier League (Azerbaijan) Team Logos in PNG & SVG,premier-league-azerbaijan,real-madrid,azerbaijan,premier-league-azerbaijan,ok,,https://assets.footylogos.com/logos/real-madrid/real-madrid-logo-footylogos.png,shafa zira-fk sabah-fk fk-gabala kapaz-pfk samaxi-fk imishli-fk qarabag-fk neftchi-pfk sumgayit-fk turan-tovuz-ik araz-nakhchivan,identical image to kategoria-superiore
Premier Soccer League (South Africa) Team Logos in PNG & SVG,premier-soccer-league,premier-soccer-league,south-africa,premier-soccer-league,ok,,https://assets.footylogos.com/logos/premier-soccer-league/premier-soccer-league-logo-footylogos.png,ts-galaxy amazulu-fc milford-fc siwelele-fc chippa-united kaizer-chiefs kruger-united durban-city-fc polokwane-city marumo-gallants orlando-pirates richards-bay-fc stellenbosch-fc mamelodi-sundowns sekhukhune-united lamontville-golden-arrows south-africa-national-team,
Primera Divisió (Andorra) Team Logos in PNG & SVG,primera-divisio-andorra,real-madrid,andorra,primera-divisio-andorra,ok,,https://assets.footylogos.com/logos/real-madrid/real-madrid-logo-footylogos.png,fc-ordino fc-rangers fc-santa-coloma ue-santa-coloma fc-pas-de-la-casa club-esportiu-carroi inter-club-descaldes cf-esperanca-dandorra atletic-club-descaldes penya-encarnada-dandorra andorra-national-team,identical image to kategoria-superiore
Primera División (Costa Rica) Team Logos in PNG & SVG,primera-division-costa-rica,primera-division-costa-rica,costa-rica,primera-division-costa-rica,ok,,https://assets.footylogos.com/logos/primera-division-costa-rica/primera-division-costa-rica-logo-footylogos.png,puntarenas-fc inter-san-carlos deportivo-saprissa club-sport-herediano escorpiones-de-belen club-sport-cartagines sporting-fc-costa-rica municipal-perez-zeledon liga-deportiva-alajuelense asociacion-deportiva-san-carlos costa-rica-national-team,
Primera División (Paraguay) Team Logos in PNG & SVG,primera-division-paraguay,,paraguay,primera-division-paraguay,no working URL,,,olimpia rubio-nu cerro-porteno club-libertad guarani-paraguay sportivo-luqueno nacional-paraguay sportivo-ameliano deportivo-recoleta sportivo-trinidense sportivo-san-lorenzo club-sportivo-2-de-mayo,tried 15 URLs
Primera División (Uruguay) Team Logos in PNG & SVG,primera-division-uruguay,primera-divisin-uruguay,uruguay,primera-division-uruguay,ok,,https://assets.footylogos.com/logos/primera-divisin-uruguay/primera-divisin-uruguay-logo-footylogos.png,danubio penarol ca-cerro juventud nacional progreso albion-fc cerro-largo boston-river central-espanol defensor-sporting deportivo-maldonado liverpool-montevideo montevideo-wanderers montevideo-city-torque racing-club-de-montevideo,
Primera Federación (Spain) Team Logos in PNG & SVG,primera-federacion-spain,primera-federacion-spain,spain,primera-federacion-spain,ok,,https://assets.footylogos.com/logos/primera-federacion-spain/primera-federacion-spain-logo-footylogos.png,cd-lugo cd-coria ud-ibiza juventud ad-merida zamora-cf cd-teruel ce-europa sd-huesca ud-ourense aguilas-fc arenas-club cd-mirandes cp-cacereno ud-logrones ad-alcorcon barakaldo-cf algeciras-cf antequera-cf fc-cartagena real-jaen-cf pontevedra-cf real-zaragoza cd-extremadura real-murcia-cf ue-sant-andreu real-union-club sd-ponferradina cultural-leonesa racing-de-ferrol cf-rayo-majadahonda real-aviles-industrial gimnastic-de-tarragona hercules-de-alicante-cf unionistas-de-salamanca-cf juventud-de-torremolinos-cf,
Primera Nacional (Argentina) Team Logos in PNG & SVG,primera-nacional-argentina,primera-nacional-argentina,argentina,primera-nacional-argentina,ok,,https://assets.footylogos.com/logos/primera-nacional-argentina/primera-nacional-argentina-logo-footylogos.png,racing guemes quilmes almagro all-boys acassuso los-andes san-telmo patronato temperley godoy-cruz san-miguel colegiales central-norte nueva-chicago san-martin-sj colon-santa-fe chaco-for-ever tristan-suarez almirante-brown deportivo-moron gimnasia-y-tiro deportivo-maipu deportivo-madryn atletico-atlanta ciudad-de-bolivar gimnasia-de-jujuy chacarita-juniors ferro-carril-oeste san-martin-tucuman ferrocarril-midland atletico-de-rafaela defensores-de-belgrano agropecuario-argentino mitre-santiago-del-estero estudiantes-de-buenos-aires,
Qatar Stars League Team Logos in PNG & SVG,qatar-stars-league,qatar-stars-league,qatar,qatar-stars-league,ok,,https://assets.footylogos.com/logos/qatar-stars-league/qatar-stars-league-logo-footylogos.png,lusail al-ahli-sc al-sadd-sc al-arabi-sc al-duhail-sc al-rayyan-sc al-shamal-sc al-wakrah-sc al-gharafa-sc al-sailiya-sc al-shahaniya-sc,
Regionalliga Bayern Team Logos in PNG & SVG,regionalliga-bayern,regionalliga-bayern,germany,regionalliga-bayern,ok,,https://assets.footylogos.com/logos/regionalliga-bayern-logo-footylogos.png,eltersdorf 1860-munich djk-vilzing fc-memmingen tsv-aubstadt tsv-buchbach spvgg-ansbach vfb-eichstatt fv-illertissen schweinfurt-05 spvgg-bayreuth wacker-burghausen spvgg-unterhaching tsv-1882-landsberg tsv-schwaben-augsburg,
Regionalliga Nord Team Logos in PNG & SVG,regionalliga-nord,regionalliga-nord,germany,regionalliga-nord,ok,,https://assets.footylogos.com/logos/regionalliga-nord-logo-footylogos.png,bremer-sv vfb-lubeck hsc-hannover kickers-emden sv-todesfelde vfb-oldenburg eimsbutteler-tv ssv-jeddeloh-ii 1-fc-phonix-lubeck fsv-schoningen-2011 sv-atlas-delmenhorst sv-drochtersen-assel eintracht-norderstedt sc-weiche-flensburg-08,
Regionalliga Nordost Team Logos in PNG & SVG,regionalliga-nordost,regionalliga-nordost,germany,regionalliga-nordost,ok,,https://assets.footylogos.com/logos/regionalliga-nordost-logo-footylogos.png,jena bfc-dynamo chemnitzer hallescher fsv-zwickau bfc-preussen greifswalder erzgebirge-aue fsv-luckenwalde rot-weiss-erfurt sv-babelsberg-03 vsg-altglienicke bsg-chemie-leipzig rsv-eintracht-1949 sv-tasmania-berlin 1-fc-lokomotive-leipzig,
Regionalliga Südwest Team Logos in PNG & SVG,regionalliga-sudwest,regionalliga-sudwest,germany,regionalliga-sudwest,ok,,https://assets.footylogos.com/logos/regionalliga-sudwest-logo-footylogos.png,vfr-aalen sgv-freiberg ssv-ulm-1846 vfr-mannheim fc-08-homburg fsv-frankfurt sv-sandhausen eintracht-trier kickers-offenbach ksv-hessen-kassel fc-astoria-walldorf stuttgarter-kickers tsv-steinbach-haiger sg-barockstadt-fulda-lehnerz,
Regionalliga West Team Logos in PNG & SVG,regionalliga-west,regionalliga-west,germany,regionalliga-west,ok,,https://assets.footylogos.com/logos/regionalliga-west-logo-footylogos.png,bonner-sc fc-bocholt fc-gutersloh vfb-03-hilden sc-wiedenbruck sv-rodinghausen sg-wattenscheid-09 sportfreunde-lotte sportfreunde-siegen rot-weiss-oberhausen sv-westfalia-rhynern sv-bergisch-gladbach-09,
Russian First League Team Logos in PNG & SVG,russian-first-league,russian-first-league,russia,russian-first-league,ok,,https://assets.footylogos.com/logos/russian-first-league-logo-footylogos.png,sochi fc-ufa arsenal-tula veles-moscow fc-chelyabinsk ska-khabarovsk torpedo-moscow fc-leningradets rotor-volgograd volga-ulyanovsk spartak-kostroma shinnik-yaroslavl ural-yekaterinburg yenisey-krasnoyarsk pari-nizhny-novgorod tekstilshchik-ivanovo neftekhimik-nizhnekamsk kamaz-naberezhnye-chelny,
Russian Premier League Team Logos in PNG & SVG,russian-premier-league,russian-premier-league,russia,russian-premier-league,ok,,https://assets.footylogos.com/logos/russian-premier-league/russian-premier-league-logo-footylogos.png,fakel rodina rostov orenburg krasnodar cska-moscow rubin-kazan akhmat-grozny dynamo-moscow krylia-sovetov spartak-moscow akron-togliatti lokomotiv-moscow dynamo-makhachkala baltika-kaliningrad zenit-saint-petersburg,
Saudi Pro League Team Logos in PNG & SVG,saudi-pro-league,saudi-pro-league,saudi-arabia,saudi-pro-league,ok,,https://assets.footylogos.com/logos/saudi-pro-league/saudi-pro-league-logo-footylogos.png,abha al-ahli diriyah neom-sc al-fateh al-fayha al-hazem al-hilal al-nassr al-riyadh al-shabab al-ettifaq al-ittihad al-khaleej al-kholood al-qadsiah al-taawoun al-faisaly,
Scottish Championship Team Logos in PNG & SVG,scottish-championship,scottish-championship,scotland,scottish-championship,ok,,https://assets.footylogos.com/logos/scottish-championship-logo-footylogos.png,arbroath ayr-united queen-s-park raith-rovers livingston-fc stenhousemuir greenock-morton partick-thistle dunfermline-athletic inverness-caledonian-thistle,
Scottish League One Team Logos in PNG & SVG,scottish-league-one,scottish-league-one,scotland,scottish-league-one,ok,,https://assets.footylogos.com/logos/scottish-league-one-logo-footylogos.png,united montrose east-fife peterhead ross-county cove-rangers airdrieonians east-kilbride alloa-athletic queen-of-the-south hamilton-academical,
Scottish League Two Team Logos in PNG & SVG,scottish-league-two,scottish-league-two,scotland,scottish-league-two,ok,,https://assets.footylogos.com/logos/scottish-league-two-logo-footylogos.png,clyde dumbarton stranraer elgin-city kelty-hearts the-spartans annan-athletic edinburgh-city forfar-athletic stirling-albion,
Scottish Premiership Team Logos in PNG & SVG,scottish-premiership,scottish-premiership,scotland,scottish-premiership,ok,,https://assets.footylogos.com/logos/scottish-premiership/scottish-premiership-logo-footylogos.png,celtic dundee falkirk rangers hibernian st-mirren motherwell aberdeen-fc st-johnstone dundee-united kilmarnock-fc heart-of-midlothian scotland-national-team,
Segunda Federacion (Spain) Team Logos in PNG & SVG,segunda-federacion-spain,segunda-federacion-spain,spain,segunda-federacion-spain,ok,,https://assets.footylogos.com/logos/segunda-federacion-spain-logo-footylogos.png,olot utebo arnedo coruxo naxara cd-ebro manresa osasuna yeclano alcoyano arosa-sc cd-cieza elche-cf la-nucia la-union numancia poblense sd-eibar tarazona terrassa xerez-cd barbastro getafe-cf girona-fc cd-badajoz las-palmas ourense-cf pena-sport real-avila rsd-alcala sd-gernika sevilla-fc ud-llanera cd-basconia cd-estepona cd-tudelano orihuela-cf portugalete real-oviedo sd-logrones cd-tenerife ucam-murcia ud-logrones ud-marbella valencia-cf cd-arenteiro cf-calamocha cf-intercity fc-barcelona rcd-mallorca sestao-river ub-conquense castellonense cd-don-benito sd-amorebieta sd-compostela bergantinos-cf pena-deportiva real-murcia-cf reus-fc-reddis ud-tamaraceite atletico-madrid lorca-deportiva real-valladolid atletico-astorga atletico-central cd-atletico-paso cda-navalcarnero deportiva-minera deportivo-alaves marino-de-luanco racing-santander salamanca-cf-uds albacete-balompie atletico-baleares linares-deportivo mijas-las-lagunas recreativo-huelva atletico-antoniano atletico-sanluqueno real-betis-balompie cd-ciudad-de-lucena atletico-tordesillas cd-guadalajara-spain gimnastica-segoviana rcd-espanyol-barcelona gimnastica-torrelavega cf-talavera-de-la-reina calvo-sotelo-puertollano-cf ud-san-sebastian-de-los-reyes,
Serbian Superliga Team Logos in PNG & SVG,serbian-superliga,serbian-superliga,serbia,serbian-superliga,ok,,https://assets.footylogos.com/logos/serbian-superliga/serbian-superliga-logo-footylogos.png,fk-imt fk-zemun macva-sabac fk-partizan ofk-beograd fk-cukaricki radnicki-nis fk-novi-pazar radnicki-1923 radnik-surdulica fk-mladost-lucani red-star-belgrade zeleznicar-pancevo,
Serie A (Italy) Team Logos in PNG & SVG,serie-a,serie-a-italy,italy,serie-a,ok,,https://assets.footylogos.com/logos/serie-a-italy/serie-a-italy-logo-footylogos.png,roma genoa lazio lecce parma napoli torino bologna udinese ac-milan ac-monza atalanta cagliari juventus sassuolo como-1907 fiorentina venezia-fc inter-milan frosinone-calcio,
Serie B (Italy) Team Logos in PNG & SVG,serie-b,serie-b-italy,italy,serie-b,ok,,https://assets.footylogos.com/logos/serie-b-italy/serie-b-italy-logo-footylogos.png,pisa arezzo ascoli padova benevento cesena-fc cremonese empoli-fc modena-fc palermo-fc fc-suditrol juve-stabia l-r-vicenza us-avellino mantova-1911 uc-sampdoria us-catanzaro hellas-verona virtus-entella carrarese-calcio,
Serie C Team Logos in PNG & SVG,serie-c-italy,serie-c-italy,italy,serie-c-italy,ok,,https://assets.footylogos.com/logos/serie-c-italy-logo-footylogos.png,spezia ac-carpi fc-forli ssc-bari novara-fc ac-renate us-pianese catania-fc fc-crotone az-picerno ac-reggiana cavese-1919 fc-lumezzane vado-fc-1913 casertana-fc as-cittadella union-brescia campobasso-fc team-altamura uc-albinoleffe alcione-milano ac-trento-1921 as-gubbio-1910 pescara-calcio cosenza-calcio potenza-calcio savoia-1908-fc us-livorno-1915 ravenna-fc-1913 sef-torres-1903 vis-pesaro-1898 casarano-calcio calcio-desenzano as-giana-erminio treviso-fbc-1993 us-grosseto-1912 as-pineto-calcio ss-monopoli-1966 calcio-lecco-1912 ac-perugia-calcio us-sambenedettese dolomiti-bellunesi latina-calcio-1932 calcio-foggia-1920 us-folgore-caratese ss-audace-cerignola us-salernitana-1919 us-pergolettese-1932 fc-pro-vercelli-1892 sorrento-calcio-1945 giugliano-calcio-1928 scafatese-calcio-1922 fc-arzignano-valchiampo ss-barletta-calcio-1922 ospitaletto-franciacorta as-ostiamare-lido-calcio guidonia-montecelio-1937-fc,
Super League (Greece) Team Logos in PNG & SVG,super-league-greece,super-league-greece,greece,super-league-greece,ok,,https://assets.footylogos.com/logos/super-league-greece/super-league-greece-logo-footylogos.png,paok iraklis kalamata atromitos ofi-crete volos-nps ae-kifisia aek-athens levadiakos olympiacos panetolikos panathinaikos asteras-tripolis aris-thessaloniki,
Superbet League 2 Team Logos in PNG & SVG,super-league-greece-2,super-league-greece-2,greece,super-league-greece-2,ok,,https://assets.footylogos.com/logos/super-league-greece-2-logo-footylogos.png,paok iraklis gs-marko kalamata ofi-crete atromitos volos-nps aek-athens olympiacos levadiakos ae-kifisia panetolikos panserraikos niki-volos-fc panionios-gss panathinaikos asteras-tripolis aris-thessaloniki athens-kallithea-fc a-s-hellas-syros-1929 nestos-chrysoupoli-fc anagennisi-karditsa-fc,
Süper Lig (Turkey) Team Logos in PNG & SVG,super-lig,super-lig-turkey,turkey,super-lig,ok,,https://assets.footylogos.com/logos/super-lig-turkey/super-lig-turkey-logo-footylogos.png,amed corum besiktas eyupspor kasimpasa konyaspor alanyaspor basaksehir fenerbahce samsunspor erzurumspor galatasaray kocaelispor trabzonspor gaziantep-fk goztepe-izmir genclerbirligi caykur-rizespor turkey-national-team,
Superettan (Sweden) Team Logos in PNG & SVG,superettan,superettan,sweden,superettan,ok,,https://assets.footylogos.com/logos/superettan-logo-footylogos.png,brage orebro norrby-if osters-if ostersund landskrona helsingborg ifk-varnamo ik-oddevold gif-sundsvall ljungskile-sk sandvikens-if varbergs-bois falkenbergs-ff ifk-norrkoping nordic-united-fc,
Superliga (Denmark) Team Logos in PNG & SVG,superliga-denmark,superliga-denmark,denmark,superliga-denmark,ok,,https://assets.footylogos.com/logos/superliga-denmark/superliga-denmark-logo-footylogos.png,lyngby-bk viborg-ff ac-horsens agf-aarhus brondby-if randers-fc sonderjyske silkeborg-if fc-copenhagen fc-midtjylland fc-nordsjaelland odense-boldklub-ob,
Superliga (Romania) Team Logos in PNG & SVG,superliga-romania,superliga-romania,romania,superliga-romania,ok,,https://assets.footylogos.com/logos/superliga-romania/superliga-romania-logo-footylogos.png,fcsb botosani cfr-cluj uta-arad voluntari sepsi-osk csikszereda csu-craiova arges-pitesti otelul-galati rapid-bucarest dinamo-bucarest farul-constanta petrolul-ploiesti corvinul-hunedoara universitatea-cluj,
SuperSport HNL (Croatia) Team Logos in PNG & SVG,supersport-hnl,supersport-hnl-croatia,croatia,supersport-hnl,ok,,https://assets.footylogos.com/logos/supersport-hnl-croatia/supersport-hnl-croatia-logo-footylogos.png,rudes nk-osijek hnk-gorica hnk-rijeka nk-varazdin nk-istra-1961 hnk-hajduk-split gnk-dinamo-zagreb lokomotiva-zagreb slaven-belupo-koprivnica,
Swiss Challenge League Team Logos in PNG & SVG,swiss-challenge-league,swiss-challenge-league,switzerland,swiss-challenge-league,ok,,https://assets.footylogos.com/logos/swiss-challenge-league-logo-footylogos.png,fc-aarau sc-kriens fc-wil-1900 fc-winterthur yverdon-sport etoile-carouge-fc fc-stade-nyonnais fc-rapperswil-jona neuchatel-xamax-fcs fc-stade-lausanne-ouchy,
Swiss Football League Team Logos in PNG & SVG,swiss-football-league,swiss-football-league,switzerland,swiss-football-league,ok,,https://assets.footylogos.com/logos/swiss-football-league/swiss-football-league-logo-footylogos.png,vaduz fc-sion fc-thun fc-basel fc-lugano fc-luzern fc-zurich servette-fc fc-st-gallen bsc-young-boys lausanne-sport grasshopper-club-zurich,
TFF Second League Team Logos in PNG & SVG,tff-second-league,tff-second-league,turkey,tff-second-league,ok,,https://assets.footylogos.com/logos/tff-second-league-logo-footylogos.png,musspor somaspor aliaga-fk erbaaspor hatayspor ankaraspor elaz-gspor inegolspor menemen-fk adana-01-fk fethiyespor kutahyaspor sakaryaspor 12-bingolspor kastamonuspor sanl-urfaspor 52-orduspor-fk corluspor-1947 iskenderunspor k-rklarelispor mke-ankaragucu 1461-trabzon-fk 24-erzincanspor adana-demirspor isparta-32-spor ankara-demirspor guzide-gebzespor inegol-kafkas-sk beyoglu-yeni-cars sebat-genclik-spor serik-belediyespor karacabey-belediyespor 68-aksaray-belediyespor arnavutkoy-belediyespor kahramanmaras-istiklalspor,
Thai League 1 Team Logos in PNG & SVG,thai-league-1,thai-league-1,thailand,thai-league-1,ok,,https://assets.footylogos.com/logos/thai-league-1-logo-footylogos.png,united port-fc rayong-fc pattani-fc chonburi-fc sukhothai-fc ratchaburi-fc buriram-united pt-prachuap-fc sisaket-united uthai-thani-fc ayutthaya-united bg-pathum-united lamphun-warriors rasisalai-united true-bangkok-united singha-chiangrai-united,
Tweede Divisie Team Logos in PNG & SVG,tweede-divisie,tweede-divisie,netherlands,tweede-divisie,ok,,https://assets.footylogos.com/logos/tweede-divisie-logo-footylogos.png,hsv-hoek quick-boys vv-katwijk de-treffers rohda-raalte vv-kloetinge kozakken-boys rkav-volendam sv-spakenburg hhc-hardenberg bvv-barendrecht koninklijke-hfc amsterdamsche-fc ijsselmeervogels rijnsburgse-boys gvvv-gelders-veenendaalse-voetbal-vereniging,
UAE Pro League Team Logos in PNG & SVG,uae-pro-league,uae-pro-league,united-arab-emirates,uae-pro-league,ok,,https://assets.footylogos.com/logos/uae-pro-league/uae-pro-league-logo-footylogos.png,hatta al-ain united al-nasr al-wasl al-wahda bani-yas al-dhafra ajman-club al-sharjah khor-fakkan al-jazira-club shabab-al-ahli al-ittihad-kalba,
UEFA Champions League Team Logos in PNG & SVG,uefa-champions-league,uefa-champions-league,international,uefa-champions-league,ok,,https://assets.footylogos.com/logos/uefa-champions-league/uefa-champions-league-logo-footylogos.png,roma napoli arsenal rc-lens fc-porto como-1907 feyenoord losc-lille rb-leipzig aston-villa club-brugge galatasaray inter-milan real-madrid sporting-cp fc-barcelona liverpool-fc slavia-praha bayern-munich psv-eindhoven vfb-stuttgart villarreal-cf atletico-madrid manchester-city shakhtar-donetsk borussia-dortmund manchester-united real-betis-balompie paris-saint-germain-psg,
UEFA Conference League Team Logos in PNG & SVG,uefa-conference-league,uefa-conference-league,international,uefa-conference-league,ok,,https://assets.footylogos.com/logos/uefa-conference-league/uefa-conference-league-logo-footylogos.png,roma chelsea olympiacos crystal-palace west-ham-united,
UEFA EURO 2028 Team Logos in PNG & SVG,uefa-euro-2028,uefa-euro-2028,international,uefa-euro-2028,ok,,https://assets.footylogos.com/logos/uefa-euro-2028/uefa-euro-2028-logo-footylogos.png,,
UEFA Nations League Team Logos in PNG & SVG,uefa-nations-league,uefa-nations-league,international,uefa-nations-league,ok,,https://assets.footylogos.com/logos/uefa-nations-league/uefa-nations-league-logo-footylogos.png,italy-national-team spain-national-team wales-national-team malta-national-team france-national-team turkey-national-team serbia-national-team greece-national-team norway-national-team israel-national-team kosovo-national-team poland-national-team sweden-national-team cyprus-national-team latvia-national-team belgium-national-team germany-national-team croatia-national-team england-national-team czechia-national-team denmark-national-team hungary-national-team ukraine-national-team georgia-national-team austria-national-team romania-national-team albania-national-team finland-national-team belarus-national-team armenia-national-team moldova-national-team iceland-national-team estonia-national-team andorra-national-team portugal-national-team scotland-national-team slovenia-national-team slovakia-national-team bulgaria-national-team gibraltar-national-team lithuania-national-team san-marino-national-team montenegro-national-team kazakhstan-national-team luxembourg-national-team azerbaijan-national-team switzerland-national-team faroe-islands-national-team liechtenstein-national-team north-macedonia-national-team northern-ireland-national-team netherlands-national-team-dutch republic-of-ireland-national-team bosnia-and-herzegovina-national-team,
Ukrainian First League Team Logos in PNG & SVG,ukrainian-first-league,ukrainian-first-league,ukraine,ukrainian-first-league,ok,,https://assets.footylogos.com/logos/ukrainian-first-league-logo-footylogos.png,sc-poltava fc-chernihiv fenix-mariupol fc-oleksandriya fc-nyva-ternopil fc-ucsa-tarasivka fc-viktoriya-sumy fc-inhulets-petrove fc-metalist-kharkiv nk-probiy-horodenka fc-prykarpattia-blaho fc-ahrobiznes-volochysk,
Ukrainian Premier League Team Logos in PNG & SVG,ukrainian-premier-league,ukrainian-premier-league,ukraine,ukrainian-premier-league,ok,,https://assets.footylogos.com/logos/ukrainian-premier-league/ukrainian-premier-league-logo-footylogos.png,dynamo-kyiv fc-kudrivka obolon-kyiv karpaty-lviv lnz-cherkasy zorya-luhansk nk-veres-rivne kolos-kovalivka livyi-bereh-kyiv shakhtar-donetsk polissya-zhytomyr chornomorets-odesa kryvbas-kryvyi-rih bukovyna-chernivtsi metalist-1925-kharkiv epicentr-kamyanets-podilskyi,
USL Championship Team Logos in PNG & SVG,usl-championship,usl-championship,usa,usl-championship,ok,,https://assets.footylogos.com/logos/usl-championship/usl-championship-logo-footylogos.png,miami-fc fc-tulsa brooklyn-fc indy-eleven sporting-jax lexington-sc san-antonio-fc detroit-city-fc rhode-island-fc monterey-bay-fc oakland-roots-sc orange-county-sc hartford-athletic loudoun-united-fc tampa-bay-rowdies new-mexico-united phoenix-rising-fc charleston-battery louisville-city-fc las-vegas-lights-fc birmingham-legion-fc el-paso-locomotive-fc sacramento-republic-fc pittsburgh-riverhounds-sc colorado-springs-switchbacks-fc,
USL League One Team Logos in PNG & SVG,usl-league-one,usl-league-one,usa,usl-league-one,ok,,https://assets.footylogos.com/logos/usl-league-one-logo-footylogos.png,av-alta fc-naples fort-wayne union-omaha westchester one-knoxville corpus-christi forward-madison new-york-cosmos richmond-kickers spokane-velocity sarasota-paradise greenville-triumph athletic-club-boise charlotte-independence chattanooga-red-wolves portland-hearts-of-pine,
Uzbekistan Super League Team Logos in PNG & SVG,uzbekistan-super-league,uzbekistan-super-league,uzbekistan,uzbekistan-super-league,ok,,https://assets.footylogos.com/logos/uzbekistan-super-league-logo-footylogos.png,agmk buxoro andijon bunyodkor kokand-1912 nasaf-qarshi mashal-mubarek surkhon-termez xorazm-urganch neftchi-fergana dinamo-samarkand sogdiana-jizzakh navbahor-namangan lokomotiv-tashkent pakhtakor-tashkent qizilqum-zarafshon,
V.League 1 Team Logos in PNG & SVG,v-league-1,v-league-1,vietnam,v-league-1,ok,,https://assets.footylogos.com/logos/v-league-1-logo-footylogos.png,ha-noi-fc shb-da-nang hai-phong-fc ninh-binh-fc dong-a-thanh-hoa song-lam-nghe-an the-cong-viettel cong-an-ha-noi-fc hoang-anh-gia-lai hong-linh-ha-tinh thep-xanh-nam-dinh,
Veikkausliiga (Finland) Team Logos in PNG & SVG,veikkausliiga,veikkausliiga-finland,finland,veikkausliiga,ok,,https://assets.footylogos.com/logos/veikkausliiga-finland/veikkausliiga-finland-logo-footylogos.png,tps kups lahti ilves ac-oulu ff-jaro vps-vaasa if-gnistan inter-turku hjk-helsinki ifk-mariehamn sjk-seinajoki,
World Cup 2026 Qualifiers Team Logos in PNG & SVG,world-cup-2026-qualifiers,fifa-world-cup-2026,international,world-cup-2026-qualifiers,ok,,https://assets.footylogos.com/logos/fifa-world-cup-2026/fifa-world-cup-2026-logo-footylogos.png,usa-national-team chad-national-team cuba-national-team fiji-national-team guam-national-team iran-national-team iraq-national-team laos-national-team mali-national-team oman-national-team peru-national-team togo-national-team aruba-national-team benin-national-team chile-national-team china-national-team egypt-national-team gabon-national-team ghana-national-team haiti-national-team india-national-team italy-national-team japan-national-team kenya-national-team libya-national-team malta-national-team nauru-national-team nepal-national-team niger-national-team palau-national-team qatar-national-team spain-national-team sudan-national-team syria-national-team tonga-national-team wales-national-team yemen-national-team angola-national-team belize-national-team bhutan-national-team brazil-national-team brunei-national-team canada-national-team cyprus-national-team france-national-team gambia-national-team greece-national-team guinea-national-team guyana-national-team israel-national-team jordan-national-team kosovo-national-team kuwait-national-team latvia-national-team malawi-national-team mexico-national-team norway-national-team panama-national-team poland-national-team russia-national-team rwanda-national-team serbia-national-team sweden-national-team taiwan-national-team turkey-national-team uganda-national-team zambia-national-team albania-national-team algeria-national-team andorra-national-team armenia-national-team austria-national-team bahamas-national-team bahrain-national-team belarus-national-team belgium-national-team bermuda-national-team bolivia-national-team burundi-national-team comoros-national-team croatia-national-team curacao-national-team czechia-national-team denmark-national-team ecuador-national-team england-national-team eritrea-national-team estonia-national-team finland-national-team georgia-national-team germany-national-team grenada-national-team hungary-national-team iceland-national-team jamaica-national-team lebanon-national-team lesotho-national-team liberia-national-team moldova-national-team morocco-national-team myanmar-national-team namibia-national-team nigeria-national-team romania-national-team senegal-national-team somalia-national-team tunisia-national-team ukraine-national-team uruguay-national-team vanuatu-national-team vietnam-national-team anguilla-national-team barbados-national-team botswana-national-team bulgaria-national-team cambodia-national-team cameroon-national-team colombia-national-team djibouti-national-team dominica-national-team dr-congo-national-team eswatini-national-team ethiopia-national-team honduras-national-team kiribati-national-team malaysia-national-team maldives-national-team mongolia-national-team pakistan-national-team paraguay-national-team portugal-national-team scotland-national-team slovakia-national-team slovenia-national-team suriname-national-team tanzania-national-team thailand-national-team zimbabwe-national-team argentina-national-team australia-national-team gibraltar-national-team guatemala-national-team hong-kong-national-team indonesia-national-team kurdistan-national-team kyrgyztan-national-team lithuania-national-team mauritius-national-team nicaragua-national-team palestine-national-team singapore-national-team sri-lanka-national-team venezuela-national-team azerbaijan-national-team bangladesh-national-team cabo-verde-national-team costa-rica-national-team kazakhstan-national-team luxembourg-national-team madagascar-national-team mauritania-national-team montenegro-national-team montserrat-national-team mozambique-national-team san-marino-national-team seychelles-national-team tajikistan-national-team uzbekistan-national-team afghanistan-national-team el-salvador-national-team new-zealand-national-team philippines-national-team puerto-rico-national-team saint-lucia-national-team south-korea-national-team south-sudan-national-team switzerland-national-team burkina-faso-national-team saudi-arabia-national-team sierra-leone-national-team south-africa-national-team turkmenistan-national-team cote-d-ivoire-national-team faroe-islands-national-team guinea-bissau-national-team liechtenstein-national-team new-caledonia-national-team american-samoa-national-team cayman-islands-national-team north-macedonia-national-team solomon-islands-national-team northern-ireland-national-team papua-new-guinea-national-team equatorial-guinea-national-team netherlands-national-team-dutch us-virgin-islands-national-team dominican-republic-national-team antigua-and-barbuda-national-team republic-of-ireland-national-team trinidad-and-tobago-national-team united-arab-emirates-national-team saint-kitts-and-nevis-national-team sao-tome-and-principe-national-team bosnia-and-herzegovina-national-team central-african-republic-national-team turks-and-caicos-islands-national-team saint-vincent-and-the-grenadines-national-team,identical image to fifa-world-cup-2026
